<ImportExportXml version="7.1.0001.3138" SolutionPackageVersion="7.1" languagecode="1033" generatedBy="CrmLive" xmlns:xsi="http://www.w3.org/2001/XMLSchema-instance">
  <SolutionManifest>
    <UniqueName>TES</UniqueName>
    <LocalizedNames>
      <LocalizedName description="Time Entry System" languagecode="1033" />
    </LocalizedNames>
    <Descriptions />
    <Version>1.0.0.0</Version>
    <Managed>0</Managed>
    <Publisher>
      <UniqueName>gurangosoftwarecorporation</UniqueName>
      <LocalizedNames>
        <LocalizedName description="Gurango Software Corporation" languagecode="1033" />
      </LocalizedNames>
      <Descriptions />
      <EMailAddress xsi:nil="true"></EMailAddress>
      <SupportingWebsiteUrl xsi:nil="true"></SupportingWebsiteUrl>
      <CustomizationPrefix>gsc</CustomizationPrefix>
      <CustomizationOptionValuePrefix>86111</CustomizationOptionValuePrefix>
      <Addresses>
        <Address>
          <AddressNumber>1</AddressNumber>
          <AddressTypeCode>1</AddressTypeCode>
          <City xsi:nil="true"></City>
          <County xsi:nil="true"></County>
          <Country xsi:nil="true"></Country>
          <Fax xsi:nil="true"></Fax>
          <FreightTermsCode xsi:nil="true"></FreightTermsCode>
          <ImportSequenceNumber xsi:nil="true"></ImportSequenceNumber>
          <Latitude xsi:nil="true"></Latitude>
          <Line1 xsi:nil="true"></Line1>
          <Line2 xsi:nil="true"></Line2>
          <Line3 xsi:nil="true"></Line3>
          <Longitude xsi:nil="true"></Longitude>
          <Name xsi:nil="true"></Name>
          <PostalCode xsi:nil="true"></PostalCode>
          <PostOfficeBox xsi:nil="true"></PostOfficeBox>
          <PrimaryContactName xsi:nil="true"></PrimaryContactName>
          <ShippingMethodCode>1</ShippingMethodCode>
          <StateOrProvince xsi:nil="true"></StateOrProvince>
          <Telephone1 xsi:nil="true"></Telephone1>
          <Telephone2 xsi:nil="true"></Telephone2>
          <Telephone3 xsi:nil="true"></Telephone3>
          <TimeZoneRuleVersionNumber xsi:nil="true"></TimeZoneRuleVersionNumber>
          <UPSZone xsi:nil="true"></UPSZone>
          <UTCOffset xsi:nil="true"></UTCOffset>
          <UTCConversionTimeZoneCode xsi:nil="true"></UTCConversionTimeZoneCode>
        </Address>
        <Address>
          <AddressNumber>2</AddressNumber>
          <AddressTypeCode>1</AddressTypeCode>
          <City xsi:nil="true"></City>
          <County xsi:nil="true"></County>
          <Country xsi:nil="true"></Country>
          <Fax xsi:nil="true"></Fax>
          <FreightTermsCode xsi:nil="true"></FreightTermsCode>
          <ImportSequenceNumber xsi:nil="true"></ImportSequenceNumber>
          <Latitude xsi:nil="true"></Latitude>
          <Line1 xsi:nil="true"></Line1>
          <Line2 xsi:nil="true"></Line2>
          <Line3 xsi:nil="true"></Line3>
          <Longitude xsi:nil="true"></Longitude>
          <Name xsi:nil="true"></Name>
          <PostalCode xsi:nil="true"></PostalCode>
          <PostOfficeBox xsi:nil="true"></PostOfficeBox>
          <PrimaryContactName xsi:nil="true"></PrimaryContactName>
          <ShippingMethodCode>1</ShippingMethodCode>
          <StateOrProvince xsi:nil="true"></StateOrProvince>
          <Telephone1 xsi:nil="true"></Telephone1>
          <Telephone2 xsi:nil="true"></Telephone2>
          <Telephone3 xsi:nil="true"></Telephone3>
          <TimeZoneRuleVersionNumber xsi:nil="true"></TimeZoneRuleVersionNumber>
          <UPSZone xsi:nil="true"></UPSZone>
          <UTCOffset xsi:nil="true"></UTCOffset>
          <UTCConversionTimeZoneCode xsi:nil="true"></UTCConversionTimeZoneCode>
        </Address>
      </Addresses>
    </Publisher>
    <RootComponents>
      <RootComponent type="1" schemaName="account" />
      <RootComponent type="1" schemaName="businessunit" />
      <RootComponent type="1" schemaName="gsc_activity" />
      <RootComponent type="1" schemaName="gsc_practice" />
      <RootComponent type="1" schemaName="gsc_stafftype" />
      <RootComponent type="1" schemaName="gsc_timeentry" />
      <RootComponent type="1" schemaName="salesorder" />
      <RootComponent type="1" schemaName="systemuser" />
    </RootComponents>
    <MissingDependencies>
      <MissingDependency>
        <Required key="0" type="26" schemaName="Local Business Teams" displayName="Local Business Teams" parentSchemaName="team" parentDisplayName="Team" solution="System" id="{00000000-0000-0000-00aa-000010001024}" />
        <Dependent key="1" type="60" displayName="User" parentDisplayName="User" id="{c2cd9e55-d4b4-4b55-9951-16ead79643e5}" />
      </MissingDependency>
      <MissingDependency>
        <Required key="2" type="26" schemaName="Team Associated View" displayName="Team Associated View" parentSchemaName="team" parentDisplayName="Team" solution="System" id="{00000000-0000-0000-00aa-000010001205}" />
        <Dependent key="1" type="60" displayName="User" parentDisplayName="User" id="{c2cd9e55-d4b4-4b55-9951-16ead79643e5}" />
      </MissingDependency>
      <MissingDependency>
        <Required key="3" type="26" schemaName="Order Product Inline Edit View" displayName="Order Product Inline Edit View" parentSchemaName="salesorderdetail" parentDisplayName="Order Product" solution="System" id="{9ac6a187-5fb8-445c-914a-3b4a33c0017e}" />
        <Dependent key="4" type="60" displayName="Order" parentDisplayName="Order" id="{d598792c-3ff0-43f3-b3e3-bbd70b99e1a5}" />
      </MissingDependency>
      <MissingDependency>
        <Required key="5" type="26" schemaName="Open Activities" displayName="Open Activities" parentSchemaName="activitypointer" parentDisplayName="Activity" solution="System" id="{00000000-0000-0000-00aa-000010001900}" />
        <Dependent key="6" type="60" displayName="Information" parentDisplayName="Account" id="{b053a39a-041a-4356-acef-ddf00182762b}" />
      </MissingDependency>
      <MissingDependency>
        <Required key="7" type="26" schemaName="My Active Contacts" displayName="My Active Contacts" parentSchemaName="contact" parentDisplayName="Contact" solution="System" id="{00000000-0000-0000-00aa-000010001003}" />
        <Dependent key="6" type="60" displayName="Information" parentDisplayName="Account" id="{b053a39a-041a-4356-acef-ddf00182762b}" />
      </MissingDependency>
      <MissingDependency>
        <Required key="8" type="26" schemaName="Local User Queues" displayName="Local User Queues" parentSchemaName="queue" parentDisplayName="Queue" solution="System" id="{6692d3a5-268d-4392-9752-2acf707062bb}" />
        <Dependent key="1" type="60" displayName="User" parentDisplayName="User" id="{c2cd9e55-d4b4-4b55-9951-16ead79643e5}" />
      </MissingDependency>
      <MissingDependency>
        <Required key="9" type="26" schemaName="Active Services" displayName="Active Services" parentSchemaName="service" parentDisplayName="Service" solution="System" id="{2bd4de5e-a7b4-4f5d-8fde-eb3b62d8e2b2}" />
        <Dependent key="6" type="60" displayName="Information" parentDisplayName="Account" id="{b053a39a-041a-4356-acef-ddf00182762b}" />
      </MissingDependency>
      <MissingDependency>
        <Required key="10" type="61" schemaName="SystemUser_main_system_library.js" displayName="SystemUser_main_system_library.js" solution="System" />
        <Dependent key="11" type="60" displayName="Information" parentDisplayName="User" id="{c0d7d7dd-afd0-4675-85fe-1cc5a48be6df}" />
      </MissingDependency>
      <MissingDependency>
        <Required key="12" type="61" schemaName="msdyn_/ActivityFeeds.Form.js" displayName="msdyn_/ActivityFeeds.Form.js" solution="ActivityFeedsCore (7.1.0.0)" />
        <Dependent key="11" type="60" displayName="Information" parentDisplayName="User" id="{c0d7d7dd-afd0-4675-85fe-1cc5a48be6df}" />
      </MissingDependency>
      <MissingDependency>
        <Required key="13" type="61" schemaName="msdyn_/RecordWall.htm" displayName="msdyn_/RecordWall.htm" solution="ActivityFeedsCore (7.1.0.0)" />
        <Dependent key="11" type="60" displayName="Information" parentDisplayName="User" id="{c0d7d7dd-afd0-4675-85fe-1cc5a48be6df}" />
      </MissingDependency>
      <MissingDependency>
        <Required key="12" type="61" schemaName="msdyn_/ActivityFeeds.Form.js" displayName="msdyn_/ActivityFeeds.Form.js" solution="ActivityFeedsCore (7.1.0.0)" />
        <Dependent key="6" type="60" displayName="Information" parentDisplayName="Account" id="{b053a39a-041a-4356-acef-ddf00182762b}" />
      </MissingDependency>
      <MissingDependency>
        <Required key="13" type="61" schemaName="msdyn_/RecordWall.htm" displayName="msdyn_/RecordWall.htm" solution="ActivityFeedsCore (7.1.0.0)" />
        <Dependent key="6" type="60" displayName="Information" parentDisplayName="Account" id="{b053a39a-041a-4356-acef-ddf00182762b}" />
      </MissingDependency>
    </MissingDependencies>
  </SolutionManifest>
</ImportExportXml>